{
  "type": "minecraft:entity",
  "pools": [
    {
      "rolls": 1,
      "entries": [
        {
          "type": "minecraft:item",
		  "name": "minecraft:diamond_chestplate",
          "functions": [
            {
			  "function": "minecraft:set_name",
			  "name": {"text":"Diamond Chestplate of Earth","color":"green","italic":false}
			},
			{
              "function": "minecraft:set_nbt",
              "tag":"{caves_element: 4, CustomModelData: -6429004}"
            },
			{
				"function":"set_attributes",
				"modifiers": [
					{
						"name":"generic.knockbackResistance",
						"attribute":"generic.knockbackResistance",
						"operation":"addition",
						"amount": {
							"min": 0,
							"max": 1
						},
						"slot":"chest"
					},
					{
						"name":"generic.armor",
						"attribute":"generic.armor",
						"operation":"addition",
						"amount": 8,
						"slot":"chest"
					},
					{
						"name":"generic.armorToughness",
						"attribute":"generic.armorToughness",
						"operation":"addition",
						"amount": 2,
						"slot":"chest"
					}
				]
			},
			{
              "function": "minecraft:set_damage",
              "damage": {
				"min": 0.25,
				"max": 1.0
			  }
            },
			{
              "function": "minecraft:enchant_with_levels",
              "treasure": true,
			  "levels": 15
            }
          ]
        }
      ]
    }
  ]
}