{
  "condition": "minecraft:alternative",
  "terms": [
    {
      "condition": "minecraft:location_check",
      "predicate": {
        "biome": "minecraft:mountains"
      }
    },
		{
      "condition": "minecraft:location_check",
      "predicate": {
        "biome": "minecraft:snowy_mountains"
      }
    },
	{
      "condition": "minecraft:location_check",
      "predicate": {
        "biome": "minecraft:taiga_mountains"
      }
    },
	{
      "condition": "minecraft:location_check",
      "predicate": {
        "biome": "minecraft:modified_gravelly_mountains"
      }
    },
	{
      "condition": "minecraft:location_check",
      "predicate": {
        "biome": "minecraft:gravelly_mountains"
      }
    },
	{
      "condition": "minecraft:location_check",
      "predicate": {
        "biome": "minecraft:wooded_mountains"
      }
    },
	{
      "condition": "minecraft:location_check",
      "predicate": {
        "biome": "minecraft:mushroom_fields"
      }
    },
	{
      "condition": "minecraft:location_check",
      "predicate": {
        "biome": "minecraft:mushroom_field_shore"
      }
    }
  ]
}