{
  "pools": [
    {
      "rolls": 1,
      "entries": [
        {
			"type": "item",
			"name": "minecraft:stone",
			"weight": 12976
		},
        {
			"type": "item",
			"name": "minecraft:grass_block",
			"weight": 239
		},
        {
			"type": "item",
			"name": "minecraft:dirt",
			"weight": 950
		},
        {
			"type": "item",
			"name": "minecraft:andesite",
			"weight": 777
		},
        {
			"type": "item",
			"name": "minecraft:granite",
			"weight": 777
		},
        {
			"type": "item",
			"name": "minecraft:diorite",
			"weight": 777
		},
        {
			"type": "item",
			"name": "minecraft:coal_ore",
			"weight": 2090
		},
        {
			"type": "item",
			"name": "minecraft:gravel",
			"weight": 193
		},
        {
			"type": "item",
			"name": "minecraft:iron_ore",
			"weight": 114
		},
        {
			"type": "item",
			"name": "minecraft:redstone_ore",
			"weight": 30
		},
        {
			"type": "item",
			"name": "minecraft:sand",
			"weight": 50
		},
        {
			"type": "item",
			"name": "minecraft:red_sand",
			"weight": 20
		},
        {
			"type": "item",
			"name": "minecraft:gold_ore",
			"weight": 11
		},
        {
			"type": "item",
			"name": "minecraft:lapis_ore",
			"weight": 5
		},
        {
			"type": "item",
			"name": "minecraft:diamond_ore",
			"weight": 5
		},
        {
			"type": "item",
			"name": "minecraft:obsidian",
			"weight": 3
		},
        {
			"type": "item",
			"name": "minecraft:clay",
			"weight": 5
		},
        {
			"type": "item",
			"name": "minecraft:emerald_ore",
			"weight": 1
		},
        {
			"type": "item",
			"name": "minecraft:nether_quartz_ore",
			"weight": 5
		},
        {
			"type": "item",
			"name": "minecraft:mycelium",
			"weight": 1
		}
      ]
    }
  ]
}