{
  "pools": [
    {
      "rolls": 1,
      "entries": [
        {
			"type": "item",
			"name": "minecraft:cobblestone",
			"weight": 12976
		},
        {
			"type": "item",
			"name": "minecraft:dirt",
			"weight": 1789
		},
        {
			"type": "item",
			"name": "minecraft:andesite",
			"weight": 777
		},
        {
			"type": "item",
			"name": "minecraft:granite",
			"weight": 777
		},
        {
			"type": "item",
			"name": "minecraft:diorite",
			"weight": 777
		},
        {
			"type": "item",
			"name": "minecraft:coal",
			"weight": 209
		},
        {
			"type": "item",
			"name": "minecraft:gravel",
			"weight": 193
		},
        {
			"type": "item",
			"name": "minecraft:iron_ore",
			"weight": 114
		},
        {
			"type": "item",
			"name": "minecraft:redstone",
			"weight": 30,
			"functions": [
			  {
				"function": "minecraft:set_count",
                "count": {
                  "min": 4.0,
                  "max": 5.0,
                  "type": "minecraft:uniform"
                }				
			  }
			]
		},
        {
			"type": "item",
			"name": "minecraft:sand",
			"weight": 50
		},
        {
			"type": "item",
			"name": "minecraft:red_sand",
			"weight": 20
		},
        {
			"type": "item",
			"name": "minecraft:gold_ore",
			"weight": 110
		},
        {
			"type": "item",
			"name": "minecraft:lapis_lazuli",
			"weight": 5,
			"functions": [
			  {
				"function": "minecraft:set_count",
                "count": {
                  "min": 4.0,
                  "max": 9.0,
                  "type": "minecraft:uniform"
                }				
			  }
			]
		},
        {
			"type": "item",
			"name": "minecraft:diamond",
			"weight": 5
		},
        {
			"type": "item",
			"name": "minecraft:obsidian",
			"weight": 3
		},
        {
			"type": "item",
			"name": "minecraft:clay_ball",
			"weight": 5,
			"functions": [
			  {
				"function": "minecraft:set_count",
                "count": 4				
			  }
			]
		},
        {
			"type": "item",
			"name": "minecraft:emerald",
			"weight": 1
		},
        {
			"type": "item",
			"name": "minecraft:quartz",
			"weight": 5
		}
      ]
    }
  ]
}