{
  "type": "minecraft:entity",
  "pools": [
    {
      "rolls": 1,
      "entries": [
        {
          "type": "minecraft:item",
		  "name": "minecraft:diamond_sword",
          "functions": [
            {
			  "function": "minecraft:set_name",
			  "name": {"text":"Diamond Sword of Fire","color":"red","italic":false}
			},
			{
              "function": "minecraft:set_nbt",
              "tag":"{caves_element: 1, CustomModelData: -6429001}"
            },
			{
              "function": "minecraft:set_damage",
              "damage": {
				"min": 0.25,
				"max": 1.0
			  }
            },
			{
              "function": "minecraft:enchant_with_levels",
              "treasure": true,
			  "levels": 15
            },
			{
			  "function":"set_attributes",
			  "modifiers": [
				{
				  "name":"generic.attackDamage",
				  "attribute":"generic.attackDamage",
				  "operation":"addition",
				  "amount": {
					"min": 7,
					"max": 9
				  },
				  "slot":"mainhand"
				},
				{
				  "name":"generic.attackSpeed",
				  "attribute":"generic.attackSpeed",
				  "operation":"addition",
				  "amount": -2.4,
				  "slot":"mainhand"
				}
			  ]
			}
          ]
        }
      ]
    }
  ]
}